country, year,population,beef (kg/capita),pig (kg/capita),poultry (kg/capita),sheep(kg/capita),maize (1000 tonnes),rice (1000 tonnes),soy(1000 tonnes),wheat(1000 tonnes)
ARG,1990,32.580854,55.559,3.674,8.66,2.282,7685,291.04,11500,11037
ARG,1991,33.028546,51.817,3.612,8.88,2.347,10701,236.64,11310,9999
ARG,1992,33.475005,50.98,4.487,10.027,1.894,10901,498.44,11045,9996
ARG,1993,33.91744,51.678,4.851,15.442,1.869,10360,413.44,11720,9737
ARG,1994,34.353066,48.594,4.837,18.392,2.374,11404,413.16,12133,11406
ARG,1995,34.779096,43.693,5.086,18.662,2.233,10518,629.68,12450,9542
ARG,1996,35.195575,44.219,4.889,19.63,1.787,15537,670.48,11000,16107
ARG,1997,35.604362,44.86,4.747,19.005,1.625,19361,819.4,18732,15087
ARG,1998,36.005387,41.633,5.475,19.803,1.421,13504,687.54,20000,12601
ARG,1999,36.398577,45.76,6.148,23.041,1.336,16781,1127.44,20200,15300
ARG,2000,36.783859,45.282,5.989,22.902,1.412,15359,614.721,26880,15960
ARG,2001,37.156654,43.988,4.783,22.024,1.397,14712,584.12,30000,15292
ARG,2002,37.537783,40.505,4.445,15.424,1.363,15045,484.84,34706,12301
ARG,2003,37.927463,41.864,3.951,16.121,1.309,14951,488.24,31576,14563
ARG,2004,38.325927,43.711,4.255,18.888,1.26,20483,720.8,38300,15925
ARG,2005,38.733406,42.824,4.825,21.145,1.188,14446,650.08,40537,12593
ARG,2006,39.127239,44.105,5.93,24.338,1.157,21755,811.58,47482,14548
ARG,2007,39.52944,47.41,6.045,25.742,1.177,22017,734.468,46238,16354
ARG,2008,39.940234,47.251,5.933,27.954,1.102,13121,853.4,40000,8376
ARG,2009,40.359828,46.961,6.415,29.733,1.039,22677,910.452,54247,9023
ARG,2010,40.788453,39.622,6.137,31.511,1.032,23800,845.444,48878,15875
ARG,2011,41.26149,38.402,6.582,35.01,1.087,21197,1188.708,49000,14500
ARG,2012,41.733271,40.476,6.635,36.864,1.182,32100,1066.24,49353,8024
ARG,2013,42.202935,44.056,7.879,35.685,1.152,33000,1063.18,53397.72,9188
ARG,2014,42.6695,40.956,8.026,36.692,1.22,33800,1074.4,61398.276,13930
ARG,2015,43.131966,41.079,8.631,39.253,1.147,39800,1060.8,58799.258,11314
ARG,2016,43.590368,39.042,9.674,38.925,1.012,49500,952,54971.626,18395
ARG,2017,44.044811,39.575,10.421,38.343,0.969,43460,904.4,37783.754,18518
ARG,2018,44.494502,38.881,11.054,38.464,0.969,57000,930.24,55263,19459
AUS,1990,17.065128,0,0,22.051,19.013,193.7,740,62.017,15066.1
AUS,1991,17.284036,27.942,14.521,22.35,19.415,268.9,957,62.6,10557.4
AUS,1992,17.478635,26.405,15.256,22.436,17.961,198.8,858,48.889,14738.7
AUS,1993,17.634808,26.37,15.082,23.807,17.49,204.1,1042,81.263,16479.3
AUS,1994,17.805468,25.662,15.646,24.473,18.505,242.4,1016,27.247,8961.3
AUS,1995,18.004882,25.526,15.652,24.217,15.115,311.1,966,44.606,16503.9
AUS,1996,18.224767,27.453,14.478,24.615,14.795,397.7,1255,74.376,22924.3
AUS,1997,18.423037,29,14.858,25.791,15.063,271.8,1324,54.04,19226.6
AUS,1998,18.607584,26.765,15.257,27.643,15.476,338.2,1362,107.189,21464.8
AUS,1999,18.812264,28.095,15.193,28.002,15.25,406,1084,104.02,24757.4
AUS,2000,19.028802,26.515,15.651,29.682,16.368,344.9,1643,48.65,22108.1
AUS,2001,19.274701,24.606,14.892,29.225,14.977,453.9,1192,63.061,24299.3
AUS,2002,19.49521,25.263,16.418,32.494,13.779,310,438,9.212,10131.9
AUS,2003,19.720737,25.958,17.593,31.407,12.153,395,553,59.807,26131.9
AUS,2004,19.932722,28.719,17.718,32.81,11.984,419.7,339,44.689,21905.1
AUS,2005,20.176844,27.19,18.863,34.092,11.992,362,1003,50.149,25150.4
AUS,2006,20.450966,27.03,18.409,35.187,12.37,239.9,163,25.49,10821.6
AUS,2007,20.827622,24.166,20.221,34.769,12.587,387,17.614,34.73,13569.4
AUS,2008,21.249199,23.343,19.17,33.261,10.992,375.7,60.868,80.105,21420.2
AUS,2009,21.691653,23.454,19.744,33.578,10.334,328.029,196.685,59.6,21834.01
AUS,2010,22.03175,25.31,20.129,37.645,8.973,356.943,723.283,29.75,27410.1
AUS,2011,22.340024,23.287,19.486,39.499,8.046,450.535,918.733,52.272,29905.009
AUS,2012,22.733465,22.435,20.502,40.319,8.723,505.897,1161.116,69.523,22855
AUS,2013,23.128129,23.744,19.9,40.161,8.723,389.533,819.276,31.61,25302.707
AUS,2014,23.475686,22.587,20.174,40.806,8.116,494.589,690.39,37.439,23742.56
AUS,2015,23.815995,20.519,21.77,41.989,9.346,400.032,273.688,39.52,22274.514
AUS,2016,24.190907,19.473,21.4,44.512,8.5,436.194,807.304,31.018,31818.744
AUS,2017,24.60186,21.251,22.062,43.349,7.755,387.237,635.113,51.237,20941.133
AUS,2018,24.99286,19.965,21.395,42.353,6.982,392,60.882,42.028,17297.5
BRA,1990,148.935328,20.868,5.562,12.513,0.676,24096.1,5338.56,19418.6,3077.8
BRA,1991,151.467861,20.68,5.718,13.814,0.672,30771.2,6697.99,23042.1,2739.2
BRA,1992,153.973883,20.542,5.809,14.677,0.668,29207.7,6769.01,25059.2,2051.8
BRA,1993,156.454116,20.813,6.004,15.198,0.689,33173.7,6635.01,25934.1,2137.8
BRA,1994,158.910651,23.259,6.204,16.602,0.664,37441.9,7050.41,23189.7,1524.3
BRA,1995,161.345581,25.906,6.76,20.161,0.702,32404.7,7529.46,23166.874,3197.5
BRA,1996,163.767821,26.468,7.322,19.129,0.553,35715.6,6724.79,26392.636,2406.9
BRA,1997,166.187066,24.713,6.81,20.615,0.562,30187.8,6381.08,31369.9,2187.7
BRA,1998,168.6064,23.457,7.226,22.485,0.564,32393.4,5670.21,30765,2402.8
BRA,1999,171.029011,24.953,7.246,24.823,0.584,31640.5,7875.76,32344.6,1658.4
BRA,2000,173.765726,25.237,10.759,26.059,0.55,42289.7,7767.708,38431.8,3194.2
BRA,2001,176.208646,24.993,10.997,25.125,0.52,35266.8,7062.48,41916.9,2913.9
BRA,2002,178.499255,25.699,10.51,27.132,0.498,47410.9,7225.748,52017.5,6073.5
BRA,2003,180.708344,29.696,9.585,28.596,0.487,42128.5,7049.628,49792.7,5845.9
BRA,2004,182.865043,27.678,9.084,30.151,0.518,35006.7,8813.072,52304.6,4873.1
BRA,2005,184.991143,29.722,8.899,24.429,0.521,42514.9,9081.536,55027.1,2233.7
BRA,2006,187.06161,32.082,10.166,26.262,0.531,51369.9,7970.756,58391.8,4097.1
BRA,2007,189.038268,30.758,9.997,27.583,0.53,58652.3,7694.812,60017.7,5884
BRA,2008,191.010274,26.987,10.348,31.514,0.533,51003.8,8210.32,57165.5,5026.2
BRA,2009,192.980905,25.673,10.653,30.196,0.524,56018.1,8569.7,68688.2,5881.606
BRA,2010,194.890682,26.325,11.011,39.014,0.529,57406.9,7929.412,75324.3,5788.6
BRA,2011,196.603732,25.903,11.65,40.501,0.527,72979.5,9256.908,66383,4379.5
BRA,2012,198.314934,26.161,11.669,39.835,0.533,81505.7,7887.66,81499.4,5527.9
BRA,2013,200.004188,27.765,11.531,39.311,0.546,80051.7,8037.396,86120.8,5971.1
BRA,2014,201.717541,26.041,12.312,39.739,0.547,84672.4,8242.688,96228,5534.9
BRA,2015,203.475683,24.968,12.187,40.97,0.555,66530.6,8465.048,95434.6,6726.8
BRA,2016,205.156587,25.391,11.702,40.316,0.548,97842.8,7210.04,114075.3,4262.1
BRA,2017,206.804741,25.373,12.149,40.906,0.532,80709.5,8382.904,119281.7,5427.6
BRA,2018,208.4949,25.263,12.711,40.109,0.523,91652.3,8203.52,115030.1,5149.3
CAN,1990,27.691138,25.002,20.597,24.42,0.734,7066.6,0,1262.1,32098.3
CAN,1991,28.03742,24.456,20.367,24.395,0.768,7412.5,0,1459.9,31945.6
CAN,1992,28.371264,23.83,22.342,24.423,0.745,4882.6,0,1453.3,29877.2
CAN,1993,28.684764,22.805,21.749,25.037,0.756,6755.2,0,1944.9,27225.9
CAN,1994,29.000663,23.226,22.368,26.645,0.727,7189.9,0,2253.7,22919.5
CAN,1995,29.302311,23.309,21.894,26.324,0.717,7280.9,0,2297.5,24989.4
CAN,1996,29.610218,23.048,20.478,26.128,0.667,7541.7,0,2169.5,29801.4
CAN,1997,29.905948,23.106,20.035,26.615,0.655,7179.8,0,2737.7,24299.4
CAN,1998,30.155173,23.379,22.595,27.206,0.733,8952.4,0,2736.6,24082.3
CAN,1999,30.401286,23.8,23.669,28.395,0.757,9161.3,0,2780.9,26959.9
CAN,2000,30.68573,23.411,22.577,29.707,0.833,6953.7,0,2703,26535.5
CAN,2001,31.020902,22.5,22.805,30.892,0.915,8389.2,0,1635.2,20630.2
CAN,2002,31.360079,22.415,21.952,31.212,0.914,8998.8,0,2335.7,15961.3
CAN,2003,31.644028,23.655,19.811,31.337,0.956,9587.3,0,2273.3,23048.6
CAN,2004,31.940655,22.711,21.006,31.556,0.977,8836.8,0,3043.9,24795.5
CAN,2005,32.243753,21.994,18.148,31.689,0.986,9332.2,0,3155.6,25748.1
CAN,2006,32.571174,21.711,18.442,31.929,1.069,8989.8,0,3465.5,25265.4
CAN,2007,32.889025,22.146,19.695,32.011,1.073,11648.7,0,2695.7,20090.4
CAN,2008,33.247118,21.473,18.701,32.082,1.026,10642.8,0,3335.9,28619.2
CAN,2009,33.628895,20.434,18.482,31.679,1.013,9796.2,0,3581.6,26949.9
CAN,2010,34.004889,20.305,17.28,31.341,0.953,12043.3,0,4444.6,23299.6
CAN,2011,34.339328,19.804,16.741,30.327,0.931,11358.7,0,4466.5,25288
CAN,2012,34.714222,20.012,17.435,30.065,0.846,13060.1,0,5086.4,27246
CAN,2013,35.082954,19.813,16.326,30.353,0.877,14190.7,0,5355.9,37589.1
CAN,2014,35.437435,19.177,16.093,31.163,0.921,11606.4,0,6044.8,29442.1
CAN,2015,35.702908,17.633,17.994,32.557,0.914,13679.5,0,6456.3,27647.4
CAN,2016,36.109487,18.316,15.976,33.188,0.929,13889,0,6596.5,32139.9
CAN,2017,36.540268,18.273,16.374,33.413,0.971,14095.5,0,7716.6,30377.3
CAN,2018,37.058856,18.422,17,34.836,1.022,13884.8,0,7416.6,32201.1
CHL,1990,13.275,12.969,7.166,7.83,0.814,836,91.52,0,1718
CHL,1991,13.495,12.568,7.024,8.647,0.877,911,78.74,0,1589
CHL,1992,13.72,12.103,7.501,12.875,0.955,899,89.84,0,1557
CHL,1993,13.945,13.6,8.096,15.173,0.902,937,88.16,0,1324
CHL,1994,14.166,14.557,8.672,16.684,0.786,942,89.5,0,1271
CHL,1995,14.381,15.833,9.332,19.172,0.727,932,98.25,0,1384
CHL,1996,14.587,16.445,9.836,20.057,0.708,881,102.96,0,1227
CHL,1997,14.786,17.479,10.522,19.879,0.74,943,72.28,0,1677
CHL,1998,14.978,16.421,11.588,21.392,0.767,624,70.19,0,1197
CHL,1999,15.163,15.401,12.319,21.666,0.769,652,41.05,0,1493
CHL,2000,15.342,15.658,12.623,23.377,0.73,778,90.922,0,1780
CHL,2001,15.516,14.054,13.635,24.777,0.623,924,96.441,0,1820
CHL,2002,15.684,14.699,13.41,23.517,0.612,1190,95.499,0,1797
CHL,2003,15.85,15.894,14.22,23.584,0.537,1321,94.759,0,1922
CHL,2004,16.015,16.402,13.352,25.923,0.518,1508,80.289,0,1922
CHL,2005,16.183,17.445,13.85,25.725,0.491,1382,78.607,0,1852
CHL,2006,16.355,15.129,16.253,29.403,0.587,1123,107.882,0,1404
CHL,2007,16.53,16.218,16.756,30.374,0.592,1365,74.232,0,1238
CHL,2008,16.708,15.115,18.143,28.649,0.652,1346,81.702,0,1145
CHL,2009,16.886,15.154,17.214,27.466,0.559,1358,85.673,0,1524
CHL,2010,17.063,15.412,17.693,29.038,0.489,1438,63.733,0,1576
CHL,2011,17.234,14.162,18.643,31.549,0.537,1493,87.759,0,1213
CHL,2012,17.4,14.675,19.605,31.684,0.532,1519,100.816,0,1474.663
CHL,2013,17.572,17.161,19.686,32.275,0.431,1186,87.692,0,1358.13
CHL,2014,17.759,17.602,18.019,32.024,0.476,1539,90.788,0,1482
CHL,2015,17.969,17.441,17.622,33.924,0.46,1174,110.076,0,1731.9
CHL,2016,18.209,18.855,18.262,35.891,0.419,1062.5,117.108,0,1349
CHL,2017,18.47,17.548,19.409,35.967,0.429,1110.6,86.054,0,1469
CHL,2018,18.729,18.67,24.473,36.36,0.418,973.178,129.76,0,1399.919
CHN,1990,1172.4452,0.639,14.959,0,0,96818.9,127231.1,0,98228.9
CHN,1991,1189.183522,0.75,15.851,2.898,0.869,98773,123522.33,9710,95950
CHN,1992,1204.003901,1.001,16.951,3.267,0.91,95383,125698.5,10300,101587
CHN,1993,1217.129133,1.256,18.159,4.131,0.99,102704,120837.36,15307,106390
CHN,1994,1228.991932,1.523,19.674,4.698,1.058,99277,119986.3,16000,99297
CHN,1995,1239.940004,1.954,19.939,5.943,1.238,111986,126882.55,13500,102207
CHN,1996,1249.981441,1.944,19.546,5.917,1.274,127471,133646.24,13220,110569
CHN,1997,1259.066974,2.402,22.113,6.748,1.486,104309,137503.47,14728,123289
CHN,1998,1267.441503,2.601,23.708,7.442,1.627,132954,136117.72,15152,109726
CHN,1999,1275.406699,2.739,23.64,7.739,1.73,128086,135964.28,14251,113880
CHN,2000,1283.19897,2.685,23.986,8.35,1.816,103209.74,128716.98,15410,99636
CHN,2001,1290.937649,2.716,24.267,8.089,1.832,114090,121642.98,15407,93876
CHN,2002,1298.646577,2.782,24.531,8.118,1.905,121310,119559.9,16507,90290
CHN,2003,1306.343911,2.864,24.999,8.436,2.053,115830,110048.68,15394,86488
CHN,2004,1314.007478,2.928,25.322,8.28,2.189,130290,122675.96,17404,91952
CHN,2005,1321.62349,2.934,26.425,8.856,2.289,139372,123703.05,16350,97445
CHN,2006,1329.209094,2.953,26.893,9.093,2.363,151603,124477.06,15967,108466
CHN,2007,1336.800506,3.127,24.774,9.755,2.486,155123,127671.02,12725,109525
CHN,2008,1344.415227,3.126,26.815,10.351,2.466,172120,131939.35,15545,112932
CHN,2009,1352.068091,3.193,28.296,10.631,2.521,173259,134394.77,15225,115834
CHN,2010,1359.755102,3.187,29.34,10.771,2.595,190752,135099.61,15410,116141
CHN,2011,1367.480264,3.073,29.319,10.924,2.561,211316,138974.54,14880,118625
CHN,2012,1375.198619,3.106,30.943,11.64,2.625,229559,141474.64,13435,122540
CHN,2013,1382.793212,3.23,31.796,11.452,2.742,248453,141305.66,12405,123710
CHN,2014,1390.110388,3.222,32.72,11.018,2.868,249764,143582.25,12685,128821
CHN,2015,1397.028553,3.329,31.752,11.424,2.896,264992,145317.21,12365,132639
CHN,2016,1403.500365,3.383,30.947,11.89,2.995,263613,144599.55,13595,133271
CHN,2017,1409.517397,3.523,30.671,11.765,3.049,259071,145682.99,15280,134334
CHN,2018,1415.045928,3.617,30.253,12.323,3.101,257174,145309.05,15967.1,131432
COL,1990,34.130022,15.011,3.047,7.666,0.313,1213,1380,0,105
COL,1991,34.83057,13.559,2.989,9.787,0.291,1274,1008.6,96.002,94
COL,1992,35.52094,11.556,2.97,10.294,0.305,1056,1017,113.212,75
COL,1993,36.207108,11.627,2.911,11.086,0.319,1130,1068.6,109.39,96
COL,1994,36.853905,12.319,2.884,12.229,0.314,1161,1050,94.993,105
COL,1995,37.472184,13.129,2.896,13.397,0.312,1020,1185.92,58.103,74
COL,1996,38.06805,13.461,2.719,11.311,0.279,967,1131.52,90.297,65
COL,1997,38.635691,13.855,2.173,10.467,0.297,978,1244.4,71.968,50
COL,1998,39.184456,13.656,1.638,11.913,0.272,755,1567.313,72,39
COL,1999,39.730798,12.602,2.223,11.541,0.26,960,1485.93,39,40
COL,2000,40.295563,12.984,2.13,11.697,0.29,1204,1584.727,38,37
COL,2001,40.813541,11.866,1.976,13.609,0.279,1192,1510.775,56,32
COL,2002,41.328824,11.36,2.127,14.483,0.258,1132,1654.363,54,36.4
COL,2003,41.848959,10.6,2.344,14.821,0.257,1513.9,1633.915,63,41.4
COL,2004,42.368489,11.548,2.409,15.012,0.249,1623.2,1708.901,64,43
COL,2005,42.888592,12.659,2.36,16.151,0.242,1588.3,1500.428,64,50
COL,2006,43.405956,12.852,2.711,17.781,0.234,1531.1,1336.482,65,39.69
COL,2007,43.926929,12.24,3.259,19.133,0.229,1733.2,1439.696,65,48.022
COL,2008,44.451147,11.91,3.154,20.599,0.222,1726.5,1643.397,65,57.08
COL,2009,44.978832,10.891,3.102,20.572,0.216,1560.3,1686.332,65,34.153
COL,2010,45.509584,11.681,3.521,21.392,0.208,1421.8,1351.976,65,22.658
COL,2011,46.044601,12.32,3.995,21.367,0.204,1719.7,1366.179,80,21.097
COL,2012,46.581823,12.633,6.1,21.956,0.147,1872.8,1322.886,70,21.896
COL,2013,47.121089,12.112,5.018,24.744,0.136,1779,1390.099,70,17.25
COL,2014,47.661787,12.17,5.454,26.051,0.149,1803,1260.368,70.362,16.615
COL,2015,48.203405,12.277,5.983,27.072,0.153,1471,1423.289,70,8.93
COL,2016,48.747708,11.335,6.66,28.3,0.141,1295.1,1798.805,70,23.097
COL,2017,49.291609,10.49,7.204,29.509,0.141,1296.2,1848.62,70,7.03
COL,2018,49.83424,10.624,8.072,30.669,0.143,1250,1785.462,70,4.4
EGY,1990,56.134,4.907,0.033,4.17,1.259,4799,2185.48,0,4268
EGY,1991,57.425,5.562,0.033,4.558,1.105,5122,2379.11,58.943,4483
EGY,1992,58.667,5.441,0.038,4.654,1.117,5069,2697.3,50.475,4618
EGY,1993,59.881,6.053,0.037,4.745,1.158,5039,2869.71,67.245,4833
EGY,1994,61.096,6.229,0.035,5.049,1.234,5112,3161.58,63.427,4437
EGY,1995,62.334,5.983,0.034,5.62,1.255,4535,3304.41,39.718,5722
EGY,1996,63.602,6.18,0.034,5.729,1.225,5165,3380.31,34.6,5735
EGY,1997,64.892,6.745,0.035,7.201,1.248,5806,3781.2,25,5849
EGY,1998,66.2,6.797,0.095,6.982,1.253,6337,3087.06,30,6093
EGY,1999,67.516,7.039,0.035,7.566,1.042,6143,4013.73,30,6347
EGY,2000,68.832,7.7,0.035,7.494,1.586,6474,4140,30,6564
EGY,2001,70.153,6.431,0.033,7.682,1.593,6842,3606.906,15,6255
EGY,2002,71.485,7.868,0.03,9.013,1.662,6357,4140.69,18,6625
EGY,2003,72.826,7.333,0.028,8.173,1.664,6530,4261.647,29,6845
EGY,2004,74.172,7.464,0.033,7.591,1.605,6236,4383.156,43,7178
EGY,2005,75.524,8.261,0.022,7.618,1.59,7698,4226.457,26,8141
EGY,2006,76.874,9.121,0.029,8.185,1.595,6374,4660.95,23.026,8274
EGY,2007,78.232,9.289,0.038,9.074,1.655,6243,4745.061,26,7379
EGY,2008,79.636,8.393,0.021,8.241,1.646,7401,5005.26,29.01,7977
EGY,2009,81.135,8.549,0.008,8.924,1.552,7686,3808.8,26,8523
EGY,2010,82.761,9.283,0.004,9.24,1.371,7041,2987.01,43,7177
EGY,2011,84.529,8.694,0.007,9.573,1.305,6876,3915.819,30,8407
EGY,2012,86.422,9.296,0.008,9.978,1.313,8094,4079.28,26,8795
EGY,2013,88.405,8.951,0.007,11.375,1.274,7957,4209,33,9460
EGY,2014,90.425,9.179,0.005,11.944,1.259,8060,4300.08,40,9280
EGY,2015,92.443,9.117,0.005,11.624,1.202,7803,4071,30,9608
EGY,2016,94.447,8.881,0.006,11.614,1.2,7818,4347,35,9342
EGY,2017,96.443,8.176,0.021,12.154,1.131,7100,4402.2,35,8450
EGY,2018,98.424,7.721,0.002,10.812,1.107,7300,3381,35,8550
ETH,1990,47.888,0,0,0,0,0,0,0,0
ETH,1991,49.61,0,0,0,0,0,0,20,0
ETH,1992,51.424,0,0,0,0,60,0,21,0
ETH,1993,53.296,3.008,0.017,0.592,0.996,1396,0,22,874.827
ETH,1994,55.181,2.904,0.016,0.571,0.961,1990,0,21,1084
ETH,1995,57.048,2.87,0.017,0.552,0.924,3164,0,22,1162
ETH,1996,58.884,3.159,0.017,0.538,0.901,2463,0,23,1144
ETH,1997,60.697,3.099,0.017,0.524,0.856,2987,0,23,1093
ETH,1998,62.508,3.054,0.017,0.518,0.864,2344,0,24,1143
ETH,1999,64.343,3.141,0.018,0.507,0.836,2832,6.5,25,1150
ETH,2000,66.225,3.093,0.017,0.497,0.799,2683,6.5,25,1235
ETH,2001,68.159,3.102,0.018,0.64,0.85,3298,10.01,25,1596
ETH,2002,70.142,3.5,0.017,0.675,0.991,2826,9.1,25,1448
ETH,2003,72.171,3.264,0.018,0.61,1.034,2744,8.45,25,1618
ETH,2004,74.24,3.152,0.017,0.556,1.196,2906,7.8,25,1614
ETH,2005,76.346,3.196,0.017,0.488,1.255,3912,7.8,25,2177
ETH,2006,78.489,3.32,0.018,0.505,1.431,4030,7.28,25,2219
ETH,2007,80.674,3.137,0.017,0.503,1.576,3337,46.345,25,2463
ETH,2008,82.916,3.198,0.016,0.514,1.462,3776,46.41,25,2314
ETH,2009,85.234,2.907,0.015,0.513,1.486,3897,67.015,7,3076
ETH,2010,87.64,3.345,0.016,0.577,1.431,4986,58.76,16,2856
ETH,2011,90.14,3.186,0.016,0.527,1.352,6069,57.59,36,2916
ETH,2012,92.727,2.557,0.016,0.576,1.369,6158,78.65,64,3435
ETH,2013,95.386,2.513,0.017,0.574,1.374,6492,60.06,61,3925
ETH,2014,98.094,2.738,0.02,0.371,0.919,7235,85.67,72,4232
ETH,2015,100.835,2.74,0.016,0.108,0.34,7882,82.42,85,4650
ETH,2016,103.603,2.654,0.016,0.113,0.39,7847,100.75,82,4538
ETH,2017,106.4,2.611,0.015,0.115,0.469,8396,104,115,4643
ETH,2018,109.224,2.539,0.015,0.115,0.459,9493,111.8,120,4838
IDN,1990,870.13348,1.18,2.351,2.468,0.438,6256,30721.72,0,0
IDN,1991,888.054875,1.188,2.429,2.783,0.452,7995,30389.2,1555.45,0
IDN,1992,906.021106,1.292,2.435,2.567,0.467,6460,32803.2,1869.71,0
IDN,1993,924.057817,1.475,2.544,3.222,0.515,6869,32763.76,1708.53,0
IDN,1994,942.204249,1.413,2.657,3.704,0.454,8246,30783.72,1564.85,0
IDN,1995,960.482795,1.314,2.268,3.918,0.425,9307,32828.4,1680.01,0
IDN,1996,978.893217,1.46,2.341,4.178,0.437,8771,33216.3,1517.18,0
IDN,1997,997.405318,1.492,2.438,3.903,0.468,10169,31107.51,1357,0
IDN,1998,1015.974042,1.364,2.358,2.645,0.351,9204,30996,1382,0
IDN,1999,1034.539214,1.289,2.057,2.642,0.33,9676.9,32147.31,1383,0
IDN,2000,1053.050912,1.398,1.529,3.46,0.328,9347.2,32800.168,1020,0
IDN,2001,1071.477855,1.32,1.525,3.788,0.386,9654.1,31891.352,827,0
IDN,2002,1089.807112,1.249,1.666,4.461,0.514,10886.4,32541.68,672,0
IDN,2003,1108.027848,1.338,1.761,4.531,0.578,11225.2,32950.963,672,0
IDN,2004,1126.135777,1.579,0.678,4.779,0.487,12523.9,34183.932,724,0
IDN,2005,1144.118674,1.312,0.607,4.468,0.383,11609.5,34223.495,808,0
IDN,2006,1161.977719,1.443,0.678,4.934,0.54,13287.527,34415.497,749,0
IDN,2007,1179.681239,1.303,0.773,5.084,0.457,16323.922,36123.477,590,0
IDN,2008,1197.146906,1.454,0.697,5.166,0.424,17629.74,38125.969,777,0
IDN,2009,1214.270132,1.557,0.653,5.27,0.474,18327.636,40403.87,975,0
IDN,2010,1230.980691,1.702,0.683,5.666,0.415,17643.25,41702.902,910,0
IDN,2011,1247.236029,1.721,0.716,6.051,0.409,19387.022,41255.879,851,0
IDN,2012,1263.065852,1.662,0.73,6.24,0.392,18511.853,43325.797,843,0
IDN,2013,1278.562207,1.682,0.931,6.53,0.377,19008.426,44721.072,780,0
IDN,2014,1293.859294,1.732,0.933,6.8,0.382,19612.435,44449.094,963,0
IDN,2015,1309.05398,1.658,1.015,7.041,0.383,20369.551,45800.2,858,0
IDN,2016,1324.171354,1.888,1.033,7.9,0.39,24320,45517.87,543,0
IDN,2017,1339.180127,1.89,1.02,7.666,0.425,25695,46346.038,600,0
IDN,2018,1354.051854,2.034,1.019,7.546,0.429,26300,46741.3,650,0
IND,1990,181.436821,1.65,0.37,0.396,0.61,8962,74291.29,0,49850
IND,1991,184.615979,1.623,0.375,0.518,0.606,8064,74679.8,2492,55135
IND,1992,187.766086,1.616,0.383,0.525,0.601,9992,72860.4,3390,55690
IND,1993,190.879523,1.576,0.378,0.579,0.594,9601,80300.28,4745.2,57210
IND,1994,193.945272,1.542,0.373,0.584,0.585,8884,81810.1,3931,59840
IND,1995,196.957849,1.488,0.369,0.588,0.6,9534,76980.27,4993,65767
IND,1996,199.914831,1.468,0.445,0.593,0.596,10769,81730.08,5209,62097
IND,1997,202.826465,1.435,0.363,0.586,0.594,10816,82540.12,5150,69350
IND,1998,205.715544,1.427,0.356,0.639,0.588,10677,86080.3,5300,66345
IND,1999,208.612556,1.396,0.35,0.689,0.58,11509.6,89679.81,5160,71288
IND,2000,211.540429,1.299,0.345,0.755,0.567,12043.2,84976.915,5010,76369
IND,2001,214.506502,1.31,0.34,0.791,0.567,13160.2,93340.006,5350,69681
IND,2002,217.508059,1.257,0.335,0.91,0.559,11151.7,71820.258,4300,72770
IND,2003,220.545214,1.18,0.331,0.987,0.545,14984.3,88529.76,6880,65760
IND,2004,223.614649,1.156,0.307,1.047,0.559,14180,83130.156,6880,72150
IND,2005,226.71273,1.089,0.29,1.107,0.57,14709.9,91789.923,8270,68640
IND,2006,229.838202,1.064,0.272,1.177,0.581,15097,93356.001,8850,69350
IND,2007,232.989141,1.071,0.255,1.335,0.591,18955.4,96690.168,10970,75806.704
IND,2008,236.159276,1.066,0.247,1.409,0.568,19731.4,99180.292,9910,78570.2
IND,2009,239.340478,1.094,0.244,1.536,0.518,16719.5,89089.788,9960,80679.4
IND,2010,238.5188,0.936,0.235,1.589,0.543,21725.8,95980.132,12740,80803.6
IND,2011,241.9907,0.752,0.228,1.768,0.532,21760,105299.93,12210,86874
IND,2012,245.4252,0.67,0.221,1.886,0.518,22260,105240,14670,94880
IND,2013,248.8181,0.457,0.216,1.977,0.5,24259.51,106645.6,11860,93510
IND,2014,252.1648,0.348,0.211,2.085,0.488,24170,105480,10374,95850
IND,2015,255.4617,0.449,0.205,2.207,0.477,22570,104405.4,8570,86530
IND,2016,258.705,0.469,0.187,2.278,0.48,25900,109700.15,13159,92290
IND,2017,261.8909,0.427,0.178,2.327,0.468,28750,112760.3,10934,98510
IND,2018,265.0153,0.563,0.173,2.405,0.464,27230,116419.82,13500,99870
IRN,1990,56.366,4.302,0,6.186,5.517,130,1307.46,0,8012
IRN,1991,57.679,3.56,0,6.702,6.273,188,1484.91,69,8793
IRN,1992,58.78,3.436,0,8.556,6.205,200,1486.8,100,10179
IRN,1993,59.724,3.858,0,9.382,5.827,210,1437.03,130,10732
IRN,1994,60.591,3.708,0,9.368,5.643,512,1423.17,235,10870
IRN,1995,61.443,3.57,0,9.567,5.564,545,1449,79,11228
IRN,1996,62.295,4.388,0,9.746,5.865,637,1691.55,66,10015
IRN,1997,63.136,4.317,0,10.211,5.852,915,1480.5,142,10045
IRN,1998,63.972,4.265,0,10.294,6.046,941,1745.73,138,11955
IRN,1999,64.801,3.523,0,10.211,5.398,1156,1479.24,80.439,8673
IRN,2000,65.623,3.291,0,11.047,5.799,1120,1272.266,142,8088
IRN,2001,66.449,3.558,0,11.633,5.819,1064,1283.694,130,9459
IRN,2002,67.285,3.867,0,12.222,5.821,1430,1862.464,113.9,12450
IRN,2003,68.123,3.809,0,14.152,5.331,1650,1890.584,130,13440
IRN,2004,68.951,4.214,0,14.802,5.401,1926,1639.876,160,14548
IRN,2005,69.762,3.954,0,15.435,5.398,1995,1765.264,200,14308
IRN,2006,70.555,4.726,0,16.756,5.387,2166.13,1684.853,210,14663.745
IRN,2007,71.336,4.961,0,18.381,5.55,2361.299,1718.433,200,15886.609
IRN,2008,72.121,4.426,0,18.931,4.208,1560.992,1335.152,250,6999.977
IRN,2009,72.925,4.45,0,19.282,4.268,1335.003,1378.369,190,12093.028
IRN,2010,73.763,5.647,0,19.836,4.468,1656.996,1606.049,165,12142.988
IRN,2011,74.635,5.192,0,21.34,4.444,1907.007,1220.993,170,8677.966
IRN,2012,75.54,4.561,0,21.829,4.412,1798,1522.2,174,8816.001
IRN,2013,76.482,4.496,0,22.289,4.072,1851.999,1580.247,174,9304.246
IRN,2014,77.466,4.784,0,22.296,4.127,1658.875,1514.003,180,10578.699
IRN,2015,78.492,5.007,0,22.337,4.242,1168.629,1514.266,190,11522.318
IRN,2016,79.564,5.274,0,22.695,3.964,1170.587,1884.075,197,11097.605
IRN,2017,80.674,5.459,0,23.075,4.055,1223.086,1967.25,200,12500
IRN,2018,81.8,5.65,0,23.009,4.218,900,1947.9,210,13400
ISR,1990,4.448,9.966,1.59,34.269,1.173,96,0,0,291
ISR,1991,4.589,12.32,1.569,35.91,1.137,90,0,0,180
ISR,1992,4.753,10.094,1.503,38.337,1.098,79,0,0,254
ISR,1993,4.929,10.652,1.358,39.824,1.24,71,0,0,217
ISR,1994,5.106,13.894,1.312,42.227,1.237,66,0,0,103
ISR,1995,5.271,12.343,1.498,40.693,1.271,64,0,0,242
ISR,1996,5.424,13.616,1.479,40.834,1.202,7,0,0,185
ISR,1997,5.567,14.431,1.637,40.475,1.07,7,0,0,116
ISR,1998,5.699,13.659,1.6,40.238,1.16,8,0,0,155
ISR,1999,5.825,13.468,1.137,41.005,1.234,8,0,0,29
ISR,2000,5.946,16.532,1.916,58.851,1.26,8,0,0,96
ISR,2001,6.061,15.167,1.995,62.384,1.219,7,0,0,162
ISR,2002,6.169,17.774,2.053,63,1.116,6,0,0,179
ISR,2003,6.278,18.342,2.134,61.234,1.176,0,0,0,187
ISR,2004,6.397,8.98,2.164,62.424,1.165,20,0,0,128
ISR,2005,6.529,16.87,2.191,63.62,1.247,13,0,0,201
ISR,2006,6.681,21.967,2.009,66.077,1.386,78,0,0,131.2
ISR,2007,6.847,19.333,2.043,64.857,1.383,93,0,0,159
ISR,2008,7.021,23.448,1.98,63.407,1.46,99,0,0,76
ISR,2009,7.19,17.855,2.08,63.265,1.526,81,0,0,133
ISR,2010,7.346,18.893,1.964,62.6,1.617,86,0,0,112
ISR,2011,7.487,19.583,1.912,62.948,1.829,96,0,0,142
ISR,2012,7.615,18.165,1.945,63.36,1.772,85,0,0,222
ISR,2013,7.735,23.298,1.602,57.249,1.631,110,0,0,178
ISR,2014,7.854,18.672,1.512,61.912,1.789,163.6,0,0,140
ISR,2015,7.978,18.7,1.496,64.756,1.554,89,0,0,173
ISR,2016,8.109,20.296,1.499,68.431,1.442,80,0,0,168
ISR,2017,8.244,20.909,1.354,66.213,1.48,90,0,0,50
ISR,2018,8.382,22.851,1.351,64.771,1.527,94,0,0,70
JPN,1990,123.611167,6,12.98,12.612,0.743,0.807,9512.094,220,952
JPN,1991,124.101,6.401,13.003,11.841,0.759,0.73,8701.224,197,759
JPN,1992,124.567,6.65,13.006,12.195,0.797,0.7,9579.138,188,759
JPN,1993,124.938,7.286,12.901,11.953,0.672,0.5,7097.604,101,638
JPN,1994,125.265,8.003,12.976,12.476,0.563,0.42,10854.786,99,565
JPN,1995,125.570246,8.408,13.029,12.565,0.576,0.3,9737.688,119,444
JPN,1996,125.864,7.966,13.678,12.973,0.497,0.25,9371.664,148,478
JPN,1997,126.166,8.073,12.693,12.627,0.438,0.27,9082.65,145,573
JPN,1998,126.486,8.186,12.586,11.956,0.42,0.23,8117.76,158,570
JPN,1999,126.686,8.174,12.864,12.009,0.352,0.18,8312.55,187.2,583
JPN,2000,126.925843,8.618,13.333,12.84,0.32,0.188,8597.94,235,688
JPN,2001,127.291,7.03,13.659,13.214,0.307,0.17,8205.642,271.4,700
JPN,2002,127.435,7.128,14.335,12.816,0.294,0.16,8053.434,270.2,829
JPN,2003,127.619,6.98,14.113,12.674,0.252,0.142,7059.552,232.2,856
JPN,2004,127.687,6.962,15.052,12.393,0.319,0.15,7909.38,163.2,860
JPN,2005,127.767994,6.234,14.951,13.152,0.364,0.156,8221.044,225,875
JPN,2006,127.900515,6.188,13.995,13.376,0.367,0.147,7751.736,229.2,837
JPN,2007,128.032743,6.38,14.261,13.49,0.264,0,7894.884,226.7,910
JPN,2008,128.08396,6.386,14.509,13.329,0.267,0,7993.638,261.7,881
JPN,2009,128.031514,6.492,14.159,13.682,0.27,0,7677.444,229.9,674.2
JPN,2010,128.057352,6.707,14.348,14.278,0.217,0,7749.924,222.5,571
JPN,2011,127.834233,6.722,14.598,14.212,0.218,0,7760.796,218.8,746.3
JPN,2012,127.592657,6.731,14.515,15.119,0.188,0,7874.952,235.9,858
JPN,2013,127.413888,6.727,14.489,15.041,0.125,0,7898.508,199.9,812
JPN,2014,127.23715,6.689,14.678,15.285,0.14,0,7816.968,231.8,852
JPN,2015,127.094745,6.292,14.96,15.826,0.127,0,7636.674,243.1,1004
JPN,2016,126.932772,6.873,15.377,16.315,0.138,0,7746.3,238,791
JPN,2017,126.70621,7.001,15.942,16.897,0.153,0,7541.544,253,907
JPN,2018,126.44318,7.356,16.003,17.374,0.17,0,7436.448,211,765
KAZ,1990,16.384,0,0,0,0,0,40,0,0
KAZ,1991,16.373,0,0,0,0,368.323,343.5,14,12889
KAZ,1992,16.303,25.195,10.469,7.521,12.436,368,311.48,11.8,18285
KAZ,1993,16.181,27.851,9.373,6.225,14.154,355,268.8,5.86,11585
KAZ,1994,16.022,26.532,7.543,4.405,13.012,234,188.76,5.51,9052
KAZ,1995,15.839,22.513,5.297,3.097,10.541,136,122.99,3.715,7500
KAZ,1996,15.632,19.45,5.344,3.03,9.209,122,150.87,2.953,7678
KAZ,1997,15.406,16.361,4.219,3.172,8.262,111,170.35,3.311,8955
KAZ,1998,15.19,15.689,4.184,3.118,6.833,167,157.47,4,5500
KAZ,1999,15.021,15.725,5.008,2.499,5.74,198,132.93,4,11242
KAZ,2000,14.923,14.607,4.471,3.132,5.569,247,142.938,4,9091
KAZ,2001,14.91,13.929,6.091,3.898,5.679,320,132.533,7,12700
KAZ,2002,14.976,14.239,6.016,4.911,5.92,435,132.8,7,12674
KAZ,2003,15.1,15.029,5.771,5.561,5.55,437,182.291,50,11537
KAZ,2004,15.25,15.742,6.233,6.974,5.814,458,183.959,50,9937
KAZ,2005,15.403,16.8,6.234,8.828,6.046,432,189.828,50,11198.3
KAZ,2006,15.551,18.096,6.434,12.059,6.459,413.61,192.63,48,13460.48
KAZ,2007,15.702,19.274,6.513,11.579,6.87,421.22,196.365,70,16466.87
KAZ,2008,15.862,19.537,7.15,10.747,7.219,420.16,169.885,89,12538.19
KAZ,2009,16.043,18.667,6.684,10.297,7.343,471.2,204.769,94,17052.02
KAZ,2010,16.252,18.486,6.585,12.842,7.657,462.04,248.925,114,9638.4
KAZ,2011,16.491,18.631,7.053,13.83,7.887,481.96,231.316,153,22732.067
KAZ,2012,16.752,18.07,6.934,16.977,7.998,520.43,233.984,170,9841.128
KAZ,2013,17.026,18.322,6.583,15.529,8.035,569.262,229.648,203,13940.809
KAZ,2014,17.303,18.378,6.147,14.175,8.162,663.994,251.459,218,12996.865
KAZ,2015,17.572,18.462,5.561,14.482,8.189,734.093,281.608,220,13747.587
KAZ,2016,17.831,18.403,5.249,14.691,8.267,762.36,298.703,231,14985.379
KAZ,2017,18.08,19.155,5.283,16.422,8.247,784.695,326.497,252,14802.865
KAZ,2018,18.32,19.779,4.809,17.393,8.083,862.094,322.094,260,13946.891
KOR,1990,42.869283,0,0,5.567,0.196,119.868,5605.979,232.786,0.889
KOR,1991,43.295704,5.084,9.938,6.741,0.16,74.606,5384.388,183.171,0.551
KOR,1992,43.747962,5.668,13.314,7.523,0.31,92.203,5330.826,175.925,0.552
KOR,1993,44.194628,5.293,13.41,7.815,0.229,82.107,4749.562,170.151,1.483
KOR,1994,44.64154,5.649,13.829,7.812,0.279,88.578,5059.764,154.38,2.156
KOR,1995,45.092991,6.483,14.384,8.505,0.247,74.465,4694.956,159.64,10.262
KOR,1996,45.524681,6.714,15.35,9.088,0.209,72.168,5322.962,160.081,10.923
KOR,1997,45.95358,7.588,15.126,8.495,0.183,86.763,5449.561,156.489,7.433
KOR,1998,46.286503,6.808,14.906,7.491,0.152,80.203,5096.879,140.441,4.781
KOR,1999,46.616677,8.084,17.096,9.254,0.128,79.333,5262.7,116.12,5.626
KOR,2000,47.008111,8.449,15.956,9.625,0.106,64.205,5290.771,113.196,2.339
KOR,2001,47.370164,7.322,16.564,10.51,0.09,57.218,5514.796,117.723,2.841
KOR,2002,47.644736,8.331,17.013,10.856,0.105,73.223,4926.746,115.024,5.834
KOR,2003,47.89233,8.03,20.876,9.548,0.101,70.242,4451.135,105.089,10.011
KOR,2004,48.082519,6.47,19.283,8.437,0.109,77.616,5000.149,138.57,12.623
KOR,2005,48.184561,5.976,18.856,10.845,0.11,73.47,4768.368,183.338,7.678
KOR,2006,48.438292,6.641,22.715,11.616,0.105,64.623,4679.991,156.404,5.81
KOR,2007,48.683638,7.046,23.956,11.441,0.104,83.513,4407.743,114.245,7.351
KOR,2008,49.054708,7.191,24.179,11.364,0.103,92.83,4843.478,132.674,10.359
KOR,2009,49.307835,7.424,23.472,12.087,0.095,76.975,4916.08,139.251,18.782
KOR,2010,49.554112,7.981,24.309,13.261,0.101,74.339,4295.413,105.345,39.116
KOR,2011,49.936638,8.819,23.378,14.198,0.115,73.612,4224.019,129.394,43.677
KOR,2012,50.199853,8.943,24.173,14.232,0.118,83.21,4006.185,122.519,37.014
KOR,2013,50.428893,9.337,25.31,14.38,0.115,80.465,4230.011,154.067,19.061
KOR,2014,50.746659,9.871,25.668,16.085,0.151,82.008,4240.739,139.267,23.409
KOR,2015,51.014947,10.008,27.92,16.851,0.189,78.243,4326.915,103.504,26.433
KOR,2016,51.217803,10.019,29.098,17.279,0.248,73.681,4196.691,75.448,38.705
KOR,2017,51.361911,10.441,29.536,17.157,0.331,72.587,3972.468,85.644,37.425
KOR,2018,51.635256,10.83,30.604,18.035,0.324,74.684,3868.045,89.41,21.018
MEX,1990,84.169571,7.384,7.339,8.89,0.469,14635,200,575,3931
MEX,1991,85.748742,8.976,7.895,10.245,0.608,14251.5,190,724.969,4060.738
MEX,1992,87.312337,9.367,7.832,10.833,0.652,16929.342,200,593.54,3620.503
MEX,1993,88.850856,8.495,7.635,12.522,0.661,18125.263,189.539,497.566,3582.45
MEX,1994,90.362709,9.978,8.21,13.371,0.688,18235.826,246.587,522.583,4150.922
MEX,1995,91.843905,8.551,8.045,14.55,0.424,18352.856,242.24,189.774,3468.217
MEX,1996,93.294783,9.93,7.768,14.221,0.414,18025.952,260.09,56.074,3375.008
MEX,1997,94.720541,10.191,8.001,16.282,0.509,17656.258,309.84,184.526,3656.594
MEX,1998,96.11696,10.983,8.461,17.693,0.531,18454.71,302.354,150.3,3235.08
MEX,1999,97.482584,10.882,8.667,18.779,0.603,17706.4,231.82,132.819,3020.9
MEX,2000,98.785275,10.79,9.228,19.842,0.714,17556.9,249.526,102.4,3493.21
MEX,2001,100.105299,11.048,9.416,20.633,0.756,20134.312,226.639,121.8,3275.459
MEX,2002,101.493987,11.824,9.696,21.781,0.761,19297.755,227.194,86.5,3236.183
MEX,2003,102.890474,10.955,9.989,22.93,1.014,20701.42,273.266,126.006,2715.772
MEX,2004,104.272444,10.407,10.234,23.435,0.869,21685.833,278.54,133.347,2321.224
MEX,2005,105.669369,10.671,10.079,25.15,0.714,19338.713,291.149,187.017,3015.177
MEX,2006,107.155391,10.01,10.275,25.467,0.685,21893.209,337.25,81.113,3378.116
MEX,2007,108.744845,10.704,10.292,25.536,0.696,23512.752,294.697,88.371,3515.392
MEX,2008,110.405454,11.219,10.191,25.904,0.681,24410.279,224.371,153.022,4213.546
MEX,2009,112.095388,10.553,11.085,25.936,0.605,20142.816,263.028,120.942,4116.162
MEX,2010,113.748671,9.966,10.989,26.388,0.562,23301.879,216.677,167.666,3676.708
MEX,2011,115.367452,9.056,10.332,26.867,0.535,17635.417,173.461,205.234,3627.511
MEX,2012,116.93567,9.055,11.169,27.111,0.495,22069.255,178.787,247.5,3274.337
MEX,2013,118.453929,9.023,11.663,27.329,0.555,22663.954,179.776,239.248,3357.307
MEX,2014,119.936411,8.911,11.733,27.798,0.548,23273.257,232.159,387.367,3669.814
MEX,2015,121.3478,8.913,12.527,28.367,0.554,24694.046,236.018,341.088,3710.706
MEX,2016,122.715165,9.134,12.84,29.062,0.524,28250.783,254.043,509.114,3862.914
MEX,2017,124.041731,9.162,13.305,29.785,0.529,27762.481,265.567,432.928,3503.521
MEX,2018,125.327797,9.243,14.05,30.101,0.533,27169.4,283.764,324.011,2943.445
MYS,1990,18.03,2.584,10.059,18.812,0.371,35,1215.07,0,0
MYS,1991,18.52,2.912,9.992,22.39,0.369,35,1241.69,0.001,0
MYS,1992,19.003,2.949,10.489,25.743,0.437,36,1298.18,0.001,0
MYS,1993,19.485,3.001,10.685,28.921,0.417,38,1357.08,0.001,0
MYS,1994,19.978,3.235,11.224,29.979,0.399,40,1379.01,0.001,0
MYS,1995,20.488,3.53,10.922,30.274,0.524,43,1372.55,0.001,0
MYS,1996,21.018,3.826,10.418,29.874,0.621,45,1438.61,0.001,0
MYS,1997,21.563,3.743,10.251,29.518,0.541,48,1368.24,0.001,0
MYS,1998,22.115,3.276,9.427,29.24,0.533,50,1256.79,0.001,0
MYS,1999,22.661,3.549,5.818,29.432,0.552,57,1316.92,0.001,0
MYS,2000,23.194,4.203,5.822,28.063,0.545,65,1381.03,0.001,0
MYS,2001,23.709,2.491,6.654,28.949,0.622,67,1351.464,0.001,0
MYS,2002,24.208,4.403,6.805,30.899,0.555,70,1415.148,0.001,0
MYS,2003,24.699,4.354,6.158,31.023,0.462,72,1454.155,0.001,0
MYS,2004,25.191,5.203,6.315,32.615,0.544,72,1467.049,0.001,0
MYS,2005,25.691,5.105,6.447,33.496,0.556,75,1489.776,0.001,0
MYS,2006,26.202,4.832,6.555,34.999,0.593,32.075,1406.897,0.001,0
MYS,2007,26.72,4.717,5.923,36.446,0.647,32.075,1530.593,0.001,0
MYS,2008,27.236,4.258,5.711,37.253,0.646,32.959,1516.462,0.001,0
MYS,2009,27.735,4.562,5.852,37.645,0.655,36.396,1620.223,0.001,0
MYS,2010,28.208,4.587,6.835,40.089,0.765,47.602,1588.44,0.001,0
MYS,2011,28.651,4.835,6.187,40.748,0.65,59.842,1661.572,0.001,0
MYS,2012,29.068,4.928,6.018,41.891,0.761,83.601,1674.744,0.001,0
MYS,2013,29.469,5.322,5.909,43.61,0.89,86.499,1677.002,0.001,0
MYS,2014,29.867,5.387,5.913,46.304,1.039,59.188,1834.842,0.001,0
MYS,2015,30.271,5.823,6.154,47.259,1.102,62.46,1765.55,0.001,0
MYS,2016,30.685,5.403,5.493,50.182,1.063,64.867,1764.261,0.001,0
MYS,2017,31.105,5.219,5.384,48.522,1.2,72.561,1654.181,0.001,0
MYS,2018,31.528,5.297,5.43,48.796,1.122,84.17,1816.436,0.001,0
NGA,1990,95.212,1.501,0.875,1.608,1.521,5768,1500,0,50
NGA,1991,97.668,1.474,0.853,1.486,1.535,5810,1935.6,145,60
NGA,1992,100.162,1.469,0.876,1.422,1.529,5840,1956,154,40
NGA,1993,102.701,1.665,0.888,1.413,1.551,6290,1839,163,33
NGA,1994,105.294,1.761,0.9,1.404,1.718,6902,1456.2,178,35
NGA,1995,107.948,1.731,0.966,1.377,1.811,6931,1975.8,192,44
NGA,1996,110.669,1.776,0.974,1.351,1.894,5667,1873.2,322,47
NGA,1997,113.458,1.82,0.981,1.326,2.089,5254,1960.8,361,66
NGA,1998,116.32,1.795,0.987,1.301,2.192,5127,1965,410,98
NGA,1999,119.26,1.753,1.021,1.283,2.301,5476,1966.2,429,101
NGA,2000,122.284,1.597,1.004,1.154,2.421,4107,1978.8,436,73
NGA,2001,125.394,1.764,1.028,1.328,2.57,4596,1651.2,464,51
NGA,2002,128.596,1.947,1.167,1.33,2.546,4890,1756.8,494,54
NGA,2003,131.901,1.64,1.059,1.344,2.513,5203,1869.6,528,58
NGA,2004,135.32,1.672,1.073,1.371,2.51,5567,2000.4,565,62
NGA,2005,138.864992,1.54,1.086,1.386,2.496,5957,2140.2,605,66
NGA,2006,142.538,1.275,1.102,1.432,2.504,7100,2425.2,617,71
NGA,2007,146.34,1.568,1.115,1.462,2.497,6712,1911.6,600,44
NGA,2008,150.27,1.528,1.129,1.522,2.475,7525,2507.4,720,53
NGA,2009,154.324992,1.497,1.143,1.556,2.469,7358,2127.75,620,80
NGA,2010,158.503008,1.357,1.152,1.36,2.543,7677,2683.512,620,108
NGA,2011,162.804992,1.508,1.166,1.071,2.064,8878,2767.569,680,165
NGA,2012,167.228992,1.21,1.162,1.206,1.787,8695,3259.758,650,100
NGA,2013,171.766,1.544,1.156,0.989,1.919,10379.8,3490.92,518,80
NGA,2014,176.404992,1.511,1.117,0.981,1.916,10901.6,4014,679,70
NGA,2015,181.136992,1.483,1.147,0.994,1.912,9540.2,4544.052,650,60
NGA,2016,185.96,1.393,1.153,0.99,1.832,9598.4,4687.326,760,60
NGA,2017,190.872992,1.368,1.137,0.929,1.832,11082.96,4701.06,650,74
NGA,2018,195.875008,1.343,1.119,0.89,1.775,11033.7,5339.58,700,74
NZL,1990,3.398,26.072,10.972,14.58,27.826,183.388,0,0,180.69
NZL,1991,3.446,24.03,10.554,14.887,29.771,163.842,0,0,191.039
NZL,1992,3.503,24.801,10.968,15.298,29.918,133.069,0,0,219.414
NZL,1993,3.564,24.151,11.593,16.837,21.451,142.768,0,0,241.853
NZL,1994,3.623,21.023,13.053,18.304,38.563,160.797,0,0,245.173
NZL,1995,3.675,28.218,12.425,22.268,30.028,209.7,0,0,277.014
NZL,1996,3.717,29.057,12.508,21.561,15.187,193.8,0,0,305.923
NZL,1997,3.752,25.258,11.86,20.901,26.157,176.1,0,0,302.334
NZL,1998,3.784,21.919,12.507,22.654,26.385,197.22,0,0,281.586
NZL,1999,3.818,23.146,13.388,23.193,22.731,181.251,0,0,325.164
NZL,2000,3.859,23.267,13.382,24.555,25.484,176.8,0,0,364
NZL,2001,3.908,21.663,12.548,26.459,27.061,148.8,0,0,301.499
NZL,2002,3.963,16.952,12.959,28.702,20.607,211.685,0,0,318.916
NZL,2003,4.022,23.15,13.784,31.078,24.336,234.248,0,0,255.86
NZL,2004,4.08,20.182,14.847,32.25,20.494,210.253,0,0,318.947
NZL,2005,4.135,15.749,15.039,33.828,20.19,215.649,0,0,261.798
NZL,2006,4.186,17.187,16.012,32.135,19.05,185.627,0,0,344.434
NZL,2007,4.233,20.094,16.083,30.451,17.335,205.557,0,0,343.35
NZL,2008,4.278,20.143,16.066,30.258,13.529,237.844,0,0,403.463
NZL,2009,4.323,17.779,15.913,28.3,6.384,188.812,0,0,444.89
NZL,2010,4.37,17.165,14.81,28.78,5.909,210.175,0,0,383.262
NZL,2011,4.419,16.522,15.978,29.516,5.551,211.231,0,0,488.614
NZL,2012,4.468,15.779,16.108,32.517,5.55,201.659,0,0,447.799
NZL,2013,4.519,15.883,15.894,32.316,6.144,202,0,0,467.274
NZL,2014,4.568,15.402,16.365,33.438,6.271,237,0,0,413.5
NZL,2015,4.615,13.864,17.787,33.715,5.867,226,0,0,399.116
NZL,2016,4.659,12.519,17.451,37.348,5.518,210,0,0,459.3
NZL,2017,4.702,12.063,18.574,38.57,5.293,175.6,0,0,405.2
NZL,2018,4.743,11.837,18.934,39.619,4.24,192,0,0,371
PAK,1990,107.648,4.334,0,1.313,3.955,1185,3262.29,0,14315
PAK,1991,110.779,4.398,0,1.231,4.125,1203,3244.95,1.327,14565
PAK,1992,113.911,4.498,0,1.34,4.301,1184,3116.22,2.355,15684
PAK,1993,117.087,4.603,0,2.03,4.484,1213,3995.33,5.268,16157
PAK,1994,120.363,4.716,0,2.207,4.68,1318,3447.05,7.228,15213
PAK,1995,123.777,4.826,0,2.239,4.894,1504,3965.98,2.694,17002
PAK,1996,127.349,3.984,0,2.513,3.029,1491,4304.81,7.311,16907
PAK,1997,131.057,4.484,0,2.67,2.959,1517,4332.83,9,16650
PAK,1998,134.843008,4.477,0,1.921,2.96,1665,4673.66,9,18694
PAK,1999,138.624992,4.481,0,2.046,2.959,1652,5155.91,9,17857.6
PAK,2000,142.344,4.477,0,2.109,2.946,1643.2,4802.4,9,21078.6
PAK,2001,145.978,4.489,0,2.138,2.974,1664.4,3881.94,9,19023.7
PAK,2002,149.55,4.505,0,2.189,2.988,1737.1,4478.905,9,18226.5
PAK,2003,153.092992,4.507,0,2.248,2.987,1897.4,4847.756,9,19183.3
PAK,2004,156.664992,4.538,0,2.237,2.996,2797,5024.511,9,19499.8
PAK,2005,160.304,4.566,0.001,2.224,3.011,3109.6,5547.439,9,21612.3
PAK,2006,164.023008,5.816,0.001,2.9,2.201,3088,5438.051,9,21276.8
PAK,2007,167.808,5.862,0,3.067,2.2,3604.7,5558.778,9,23294.7
PAK,2008,171.648992,5.887,0,3.257,2.207,3593,6954.142,9,20958.8
PAK,2009,175.526,5.944,0,3.484,2.194,3261.5,6882.773,9,24033
PAK,2010,179.424992,5.999,0,3.78,2.177,3706.91,4822.41,9,23310.8
PAK,2011,183.34,6.078,0,4.005,2.159,4338.38,6159.745,9,25213.8
PAK,2012,187.28,6.108,0,4.223,2.151,4220.1,5536.1,4,23473.4
PAK,2013,191.260992,6.194,0,4.457,2.21,4944.21,6798.064,4,24211.36
PAK,2014,195.304992,6.228,0,4.785,2.187,4936.747,7003,10,25979.339
PAK,2015,199.427008,6.266,0,5.123,2.178,5270.914,6800.999,4,25086.174
PAK,2016,203.631008,6.385,0,5.469,2.091,6134,6849.023,2,25633
PAK,2017,207.906,6.514,0,5.819,2.086,5902,7450.39,2,26674
PAK,2018,212.228,6.451,0,6.176,2.058,6309,7202.266,2,25076
PER,1990,22.071,3.96,2.377,10.044,1.42,660,661.71,0,88
PER,1991,22.522,3.755,2.411,11.672,1.155,520,561.66,0.304,87
PER,1992,22.967,3.533,2.508,12.496,1.105,772,572.01,0.963,94
PER,1993,23.408,3.413,2.545,11.622,1.022,725,667.92,0.8,126
PER,1994,23.851,3.185,2.579,11.941,0.966,715,966.96,1.358,127
PER,1995,24.299,3.388,2.612,13.09,0.972,810,765.14,2.209,125
PER,1996,24.754,3.419,2.665,14.095,0.972,826,806.01,7.268,146
PER,1997,25.211,3.625,2.733,15.665,0.999,933,978.06,3,124
PER,1998,25.658,3.638,2.205,16.523,1.013,1059,1037.83,3,146
PER,1999,26.078,3.816,2.028,17.38,1.271,1241,1309.85,3,170
PER,2000,26.46,3.602,2.768,17.653,1.277,1311,1288.823,3,188
PER,2001,26.799,3.554,2.772,17.588,1.278,1291,1379.16,3,182
PER,2002,27.101,3.652,2.722,18.655,1.233,1354,1438.301,3,187
PER,2003,27.372,3.758,2.698,19.11,1.25,1200,1450.036,3,190
PER,2004,27.624,3.846,2.842,18.853,1.298,1243,1254.529,3,170
PER,2005,27.866,4.029,2.976,20.953,1.286,1269,1678.483,3,179
PER,2006,28.102,4.165,3.076,22.6,1.28,1362,1607.178,3,191
PER,2007,28.333,4.16,3.2,24.248,1.26,1481,1655.891,3,182
PER,2008,28.562,4.097,3.183,27.244,1.222,1560,1899.906,3,207
PER,2009,28.793,4.077,3.143,29.737,1.202,1541,2033.987,5,226
PER,2010,29.028,4.22,3.191,31.201,1.193,1516,1925.334,5,219
PER,2011,29.264,4.328,3.192,33.26,1.195,1674,1784.631,5,214
PER,2012,29.507,4.449,3.307,36.03,1.213,1671.35,2069.465,5,226
PER,2013,29.774,4.568,3.423,36.935,1.191,1530,2071.806,5,230.02
PER,2014,30.09,4.563,3.607,38.206,1.153,1746,1969.697,5,218.9
PER,2015,30.471,4.506,3.814,38.182,1.096,1510,2142.958,5,214.8
PER,2016,30.926,4.368,3.914,40.296,1.102,1482.3,2152.709,5,191
PER,2017,31.444,4.229,4.103,41.705,1.067,1565.85,2066.357,5,192.098
PER,2018,31.989,4.242,4.131,44.467,1.054,1520,2385.335,5,194.541
PHL,1990,61.895,1.567,8.623,3.437,0.386,4854,6463.48,0,0
PHL,1991,63.455,1.538,8.618,3.98,0.347,4655,5972.32,3.24,0
PHL,1992,65.02,1.6,7.894,4.159,0.36,4619,6221.5,3.676,0
PHL,1993,66.594,1.686,8.555,4.806,0.378,4798,6488.98,4.275,0
PHL,1994,68.181,1.855,8.658,4.919,0.39,4129,6786.55,4.344,0
PHL,1995,69.784,2.118,9.094,5.293,0.388,4161,7316.73,3.524,0
PHL,1996,71.402,2.345,11.386,5.862,0.378,4345,7319.35,2,0
PHL,1997,73.031,2.693,11.721,6.246,0.374,4332,6536.86,1,0
PHL,1998,74.672,2.635,11.953,6.109,0.372,3823,6723.48,2,0
PHL,1999,76.326,3.17,12.392,6.322,0.388,4585,7819.87,2,0
PHL,2000,77.992,3.371,12.5,6.518,0.387,4511.1,8184.81,2,0
PHL,2001,79.673,3.149,12.714,6.929,0.377,4525,8540.586,2,0
PHL,2002,81.365,3.257,13.146,7.245,0.369,4313,8488.266,2,0
PHL,2003,83.052,3.195,13.199,7.213,0.356,4615.6,9259.332,1,0
PHL,2004,84.711,3.388,12.783,7.338,0.354,5413.4,9477.114,1,0
PHL,2005,86.326,3.061,12.989,7.175,0.374,5253.2,9881.286,1,0
PHL,2006,87.889,3.01,14.069,7.222,0.456,6082.11,10146.81,1,0
PHL,2007,89.405,3.362,14.305,8.058,0.494,6736.94,10877.982,1,0
PHL,2008,90.902,3.339,14.144,8.611,0.523,6928.225,11163.78,1,0
PHL,2009,92.414,3.053,14.214,8.744,0.525,7034.033,10144.194,1,0
PHL,2010,93.967,3.185,14.368,9.324,0.527,6376.796,10940.112,1,0
PHL,2011,95.57,3.039,14.141,9.755,0.52,6971.221,11116.692,1,0
PHL,2012,97.213,2.93,14.012,10.538,0.499,7407.068,11862.252,1,0
PHL,2013,98.872,2.853,14.189,10.824,0.494,7377.293,12309.588,1,0
PHL,2014,100.513,3.07,14.04,11.522,0.494,7770.603,12367.794,1,0
PHL,2015,102.113,3.011,14.356,12.217,0.497,7518.756,11427.458,1,0
PHL,2016,103.664,3.136,14.855,12.541,0.501,7218.817,12131.406,1,0
PHL,2017,105.173,3.162,14.671,12.782,0.512,7914.908,12700.929,1,0
PHL,2018,106.651,3.161,14.965,13.18,0.51,7771.919,12178.527,1,0
PRY,1990,4.223,14.26,21.868,5.163,0.715,401,60.2,0,259
PRY,1991,4.334,28.434,21.748,3.788,0.678,450,59.5,1617.94,328
PRY,1992,4.445,31.769,22.257,4.003,0.643,439,69.3,1793.54,425
PRY,1993,4.556,29.731,21.774,4.284,0.634,462,63,1795.79,376
PRY,1994,4.666,29.124,21.436,5.838,0.626,816,66.5,2212.11,209
PRY,1995,4.777,29.971,21.325,6.246,0.58,654,63.91,2394.79,543
PRY,1996,4.888,28.547,18.596,6.231,0.566,1056,62.09,2771,400
PRY,1997,4.998,27.789,18.491,6.473,0.562,874,66.43,2856,229
PRY,1998,5.108,26.481,18.306,6.579,0.586,817,70.28,3053,180
PRY,1999,5.216,30.244,18.111,7.106,0.582,647,98.84,2980,188
PRY,2000,5.323,23.977,23.141,5.79,0.542,947,76.72,3511,220
PRY,2001,5.428,22.475,20.709,6.214,0.529,867,79.8,3300,532
PRY,2002,5.532,27.416,21.326,6.105,0.523,932,78.89,4205,537
PRY,2003,5.633,22.708,11.722,6.112,0.508,1120,81.9,4120,715
PRY,2004,5.731,13.325,21.326,6.64,0.565,830,95.76,4050,800
PRY,2005,5.824,8.634,20.317,6.531,0.499,1100,75.95,3920,620
PRY,2006,5.913,9.424,20.47,6.968,0.509,1250,93.59,6200,800
PRY,2007,5.998,10.172,19.329,4.59,0.485,1425,94.5,7200,800
PRY,2008,6.081,10.299,18.505,5.521,0.466,1858,104.79,4153,1067
PRY,2009,6.164,10.061,18.382,5.33,0.493,3109,153.86,7100,1402
PRY,2010,6.248,9.298,20.282,5.109,0.509,3346,224.14,8373,1464
PRY,2011,6.334,18.672,20.593,5.686,0.513,3079.5,289.24,4040,1560
PRY,2012,6.422,7.965,20.714,5.782,0.518,4120,280.14,8202,1430
PRY,2013,6.51,9.305,21.247,5.915,0.517,3200,435.68,9000,840
PRY,2014,6.6,11.714,21.472,5.893,0.515,4985.9,566.23,8600,1139
PRY,2015,6.689,9.808,21.668,5.828,0.49,5152,602.245,9400,1144
PRY,2016,6.778,11.692,21.9,5.537,0.514,5156,602.427,10050,1020
PRY,2017,6.867,14.143,21.831,5.347,0.515,5344.6,648.627,9950,722.4
PRY,2018,6.956,12.718,21.639,5.298,0.502,4900,628.04,8400,1359
RUS,1990,147.969413,0,0,0,0,2451.15,896.18,717.33,49596.16
RUS,1991,148.39422,0,0,0,0,1969.15,772.73,622.2,38899.22
RUS,1992,148.53819,20.201,0,8.808,2.068,2135.21,753.63,505.36,46166.67
RUS,1993,148.45878,18.901,14.679,8.631,2.206,2441.08,687.523,496.791,43546.55
RUS,1994,148.407906,17.954,13.219,10.484,1.882,891.95,523.232,421.542,32128.21
RUS,1995,148.375796,15.605,12.514,10.863,1.73,1738.44,461.92,290.24,30118.47
RUS,1996,148.160121,15.142,11.679,11.553,1.419,1081.038,388.976,282.893,34834.232
RUS,1997,147.915371,15.255,11.827,12.408,1.293,2652.012,328.072,279.536,44235.132
RUS,1998,147.670787,14.003,11.734,11.325,1.142,799.94,412.166,295.031,26994.7
RUS,1999,147.214777,11.95,10.714,11.312,0.876,1033.569,443.394,334.396,30996.953
RUS,2000,146.596873,10.265,9.545,8.805,0.854,1489.399,584.312,341.754,34460.052
RUS,2001,145.976465,11.224,10.232,12.995,0.818,808.36,495.536,349.635,46996.294
RUS,2002,145.306489,11.962,11.96,14.163,0.845,1499.425,488.133,422.53,50622.106
RUS,2003,144.565937,12.219,11.377,14.113,0.829,2030.896,448.116,392.477,34069.788
RUS,2004,143.821218,12.085,11.754,14.387,0.89,3372.956,469.802,554.236,45433.661
RUS,2005,143.113885,12.703,12.932,17.008,0.987,3060.164,570.816,686.099,47614.681
RUS,2006,142.487259,12.042,14.002,18.11,1.042,3510.351,680.61,804.536,44926.88
RUS,2007,142.114903,13.3,16.579,20.056,1.1,3794.851,704.544,650.596,49372.212
RUS,2008,141.956413,14.317,18.132,21.373,1.261,6672.092,738.3,746.996,63780.793
RUS,2009,141.909248,12.955,17.43,21.808,1.172,3953.431,912.969,945.739,61663.29
RUS,2010,142.389969,12.642,16.786,21.843,1.186,3068.222,1060.658,1225.701,41554.57
RUS,2011,142.960911,13.383,18.52,22.714,1.23,6937.48,1055.574,1647.529,56293.369
RUS,2012,143.201721,13.91,18.221,25.821,1.218,8187.029,1051.891,1687.776,37766.8
RUS,2013,143.506995,12.193,19.239,26.643,1.216,11606.283,934.943,1519.69,52139.681
RUS,2014,143.819657,11.912,17.978,27.761,1.269,11289.731,1048.566,2371.195,59713.148
RUS,2015,144.096881,10.778,18.178,28.992,1.251,13137.678,1109.762,2715.955,61811.486
RUS,2016,144.3424,10.024,19.182,28.831,1.307,15281.594,1080.886,3142.693,73345.68
RUS,2017,144.496738,9.842,20.038,30.442,1.317,13208.095,986.62,3621.713,86002.542
RUS,2018,144.491104,9.996,19.953,30.429,1.291,11419.02,1038.222,4026.85,72136.149
SAU,1990,16.326815,3.017,0,25.612,5.667,4,0,0,3580
SAU,1991,16.867829,3.452,0,27.393,5.716,5,0,0,4035
SAU,1992,17.378833,3.532,0,23.984,5.915,5,0,0,4124
SAU,1993,17.85975,1.987,0,22.19,7.515,6,0,0,3430
SAU,1994,18.31109,2.097,0,20.764,6.579,6,0,0,2646
SAU,1995,18.735841,3.611,0,26.575,7.255,6,0,0,1648
SAU,1996,19.131578,2.457,0,25.24,6.976,7,0,0,1200
SAU,1997,19.505576,2.318,0,27.867,6.7,6,0,0,1795
SAU,1998,19.882458,2.887,0,31.019,6.254,7,0,0,1734
SAU,1999,20.294406,2.064,0,33.837,6.344,4,0,0,2046
SAU,2000,20.764312,2.852,0.079,34.528,6.575,41,0,0,1787
SAU,2001,21.303592,1.737,0.102,36.777,5.866,20,0,0,2082
SAU,2002,21.906308,2.717,0.093,34.665,5.785,30,0,0,2436
SAU,2003,22.556425,2.692,0.079,34.356,5.906,36,0,0,2524
SAU,2004,23.22889,3.264,0.084,31.443,5.849,54,0,0,2776
SAU,2005,23.905654,2.995,0.155,35.942,6.184,91,0,0,2648
SAU,2006,24.578301,3.764,0.132,33.911,5.284,126,0,0,2630
SAU,2007,25.252569,4.018,0.167,34.954,5.493,135,0,0,2558
SAU,2008,25.94077,4.017,0.001,36.541,4.697,163,0,0,1986
SAU,2009,26.661492,4.023,0.002,38.97,4.325,161.4,0,0,1152
SAU,2010,27.425676,4.384,0.177,39.701,4.995,79,0,0,1349
SAU,2011,28.23802,4.189,0.238,38.595,5.378,91.7,0,0,1184
SAU,2012,29.086357,4.48,0.247,37.501,5.513,93.4,0,0,854.25
SAU,2013,29.944476,4.265,0.121,41.568,5.437,95.4,0,0,660.15
SAU,2014,30.776722,4.085,0.2,41.038,5.656,80,0,0,693.776
SAU,2015,31.557144,4.35,0.198,42.932,5.605,77,0,0,10
SAU,2016,31.78758,4.001,0.169,41.542,4.716,94,0,0,10
SAU,2017,32.612641,3.715,0.495,34.566,4.659,80,0,0,10
SAU,2018,33.41366,3.679,0.486,35.233,4.41,84,0,0,500
THA,1990,56.558,3.915,4.632,8.152,0.021,3722,11381.76,0,0
THA,1991,57.232,3.899,5.456,10.755,0.022,3793,13504.8,435.587,0
THA,1992,57.811,3.827,5.837,12.93,0.026,3672,13185.05,480.148,0
THA,1993,58.338,4.045,6.116,13.242,0.02,3231,12211.91,520.6,0
THA,1994,58.875,3.258,6.461,12.17,0.018,3893,13975.48,524.1,0
THA,1995,59.467,4.224,6.373,12.018,0.016,4147,14574.59,453.7,0
THA,1996,60.13,3.76,6.609,12.545,0.012,4533,14783.78,359.094,0.7
THA,1997,60.847,3.271,6.799,12.149,0.012,3832,15609.96,337.79,0.8
THA,1998,61.585,2.864,5.872,12.86,0.013,4617,15225.33,321.235,0.8
THA,1999,62.299,2.564,5.634,11.278,0.013,4286,16001.86,319.015,0.75
THA,2000,62.953,2.217,8.493,10.444,0.014,4462,17108.728,279,0.8
THA,2001,63.539,1.615,8.443,10.422,0.019,4466,18558.508,261,0.8
THA,2002,64.069,1.538,9.384,9.408,0.018,4230,18530.704,236,0.8
THA,2003,64.55,1.547,10.302,9.855,0.019,4178,19742.826,223,0.8
THA,2004,64.995,1.638,10.364,7.969,0.026,4216,19113.926,215,0.8
THA,2005,65.416,1.635,10.686,10.222,0.028,3943,20288.976,220,0.8
THA,2006,65.813,1.718,11.558,9.053,0.027,3716,19853.38,212,1
THA,2007,66.182,1.911,11.673,10.104,0.033,3890,21499.774,184,1
THA,2008,66.531,1.774,10.31,8.334,0.032,4249,21199.226,187,1
THA,2009,66.867,1.785,9.975,8.368,0.029,4616,21447.476,176,1
THA,2010,67.195,1.975,10.209,8.266,0.03,4861,23834.648,152,1
THA,2011,67.518,1.77,9.929,8.17,0.035,4984.26,25224.186,96,1
THA,2012,67.836,1.613,10.619,9.703,0.039,4947.53,25156,64,1
THA,2013,68.145,1.551,10.774,12.653,0.043,4876.18,24336.444,53,2
THA,2014,68.439,1.474,10.528,13.737,0.043,4729.527,20930.454,52,1
THA,2015,68.715,1.283,10.372,10.445,0.043,4611,18153.364,58,1
THA,2016,68.971,1.308,10.148,8.883,0.047,4615,21089.334,55,1
THA,2017,69.21,1.389,9.972,7.901,0.043,4821,21779.138,38,1.3
THA,2018,69.428,1.306,9.899,8.288,0.047,5035,21158.844,43,1.3
TUR,1990,55.12,4.955,0.006,6.766,5.922,2100,138,0,20022
TUR,1991,56.055,4.761,0.005,6.648,5.833,2180,114,110,20419
TUR,1992,56.986,4.241,0.004,6.95,5.687,2225,129,95,19318
TUR,1993,57.913,4.13,0.003,7.13,5.582,2500,135,63,21016
TUR,1994,58.837,3.783,0.005,7.296,4.962,1850,120,70,17514
TUR,1995,59.756,3.703,0.005,7.543,6.146,1900,120,75,18015
TUR,1996,60.671,3.808,0.001,6.324,5.403,2000,168,50,18515
TUR,1997,61.582,4.464,0.001,6.934,5.482,2080,165,40,18650
TUR,1998,62.464,4.15,0.002,7.136,5.341,2300,189,57,21000
TUR,1999,63.364,3.986,0.001,8.546,5.18,2297,204,62,18000
TUR,2000,64.268751,3.964,0.002,9.268,5.19,2300,210,45,21009
TUR,2001,65.166331,3.638,0.001,8.408,4.806,2200,216,54,19007
TUR,2002,66.002506,3.532,0.001,9.605,4.492,2100,216,95,19500
TUR,2003,66.794551,3.191,0.001,11.779,4.155,2800,223.2,85,19000
TUR,2004,67.598736,3.927,0,11.681,4.176,3000,294,50,21000
TUR,2005,68.43538,3.373,0,12.143,4.083,4200,360,29,21500
TUR,2006,69.295253,3.523,0,11.486,4.033,3811,417.6,47,20010
TUR,2007,70.158112,4.344,0,13.277,4.083,3535,388.8,31,17234
TUR,2008,71.051689,3.726,0,13.078,4,4274,451.8,34,17782
TUR,2009,72.039215,3.16,0,14.938,3.696,4250,450,38,20600
TUR,2010,73.142162,6.387,0,16.262,3.341,4310,516,87,19674
TUR,2011,74.223642,7.079,0,16.911,3.541,4200,540,122,21800
TUR,2012,75.175836,7.546,0,17.195,3.801,4600,528,122,20100
TUR,2013,76.147634,7.867,0,16.583,4.079,5900,540,180,22050
TUR,2014,77.181894,7.882,0,17.501,4.333,5950,498,149,19000
TUR,2015,78.218488,9.217,0,18.207,4.554,6400,552,160,22600
TUR,2016,79.277971,9.342,0,17.726,4.504,6400,552,164,20600
TUR,2017,80.312708,8.599,0,19.163,4.376,5900,540,139,21500
TUR,2018,81.407211,9.839,0,18.623,4.308,5700,564,140,20000
UKR,1990,51.463,0,0,0,0,200,0.015,0,0
UKR,1991,51.461,0,0,0,0,4747,68.03,135.327,27860.515
UKR,1992,51.416,20.716,17.716,8.544,0.599,2851,61.391,120,19507
UKR,1993,51.316,17.544,15.327,6.237,0.514,3785,45.382,61,21831
UKR,1994,51.148,15.857,13.12,4.556,0.734,1539,52.697,31,13857
UKR,1995,50.904,13.499,12.338,4.064,0.66,3600,53.38,22,17000
UKR,1996,50.58,11.023,12.144,5.372,0.543,1870,55.686,15,15000
UKR,1997,50.187,10.919,10.89,4.237,0.416,5340,43.35,18,19000
UKR,1998,49.747,9.586,10.607,4.443,0.364,2301,47.82,36,17000
UKR,1999,49.289,9.21,10.107,5.208,0.337,1737,42.42,45,15000
UKR,2000,48.838,11.912,11.914,4.413,0.303,3800,59.83,64,11000
UKR,2001,48.402,7.978,9.554,6.059,0.277,3850,45.823,74,21333
UKR,2002,47.98,8.212,9.794,7.243,0.301,4180,50.292,125,19756
UKR,2003,47.582,8.274,10.267,8.224,0.303,6880,56.028,245,3600
UKR,2004,47.217,8.004,9.9,12.807,0.307,8870,53.627,264,17520
UKR,2005,46.891,8.249,9.046,12.522,0.304,7167,61.364,613,18699
UKR,2006,46.607,8.839,9.792,14.584,0.276,6425.6,66.367,889,13947.3
UKR,2007,46.366,7.998,11.943,16.228,0.29,7421.1,72.036,722,13937.7
UKR,2008,46.159,7.585,13.502,20.438,0.326,11446.8,67.167,813,25885.4
UKR,2009,45.971,6.798,11.661,20.936,0.341,10486.3,95.314,1043,20886.4
UKR,2010,45.792,6.417,13.043,21.209,0.406,11953,98.716,1680,16851.3
UKR,2011,45.62,6.041,13.738,20.029,0.379,22837.9,113.323,2260,22323.6
UKR,2012,45.454,5.815,16.069,22.116,0.383,20961.3,106.587,2410,15762.6
UKR,2013,45.287,6.325,16.161,21.936,0.365,30949.55,96.782,2663,22279.3
UKR,2014,45.112,6.111,13.405,21.244,0.283,28496.81,33.95,3871,24113.97
UKR,2015,44.922,5.496,12.863,21.142,0.27,23327.57,41.688,3931,26532.1
UKR,2016,44.714,5.345,13.144,20.491,0.265,28074.61,43.222,4277,26099
UKR,2017,44.488,5.016,13.01,21.062,0.269,24668.8,42.621,3899,26159
UKR,2018,44.246,5.027,13.009,21.576,0.276,35801.05,46.163,4461,24605.84
USA,1990,249.622814,30.673,22.496,35.072,0.63,201539.47,4928.083,52415.295,74296.959
USA,1991,252.980941,30.46,22.795,36.524,0.622,189879.95,5029.107,54064.584,53890.402
USA,1992,256.514224,30.359,24.06,37.937,0.603,240734.75,5669.979,59603.04,67136.429
USA,1993,259.918588,29.718,23.746,38.599,0.586,160947.07,4931.24,50893.92,65220.423
USA,1994,263.125821,30.772,24.054,39.201,0.527,256625.99,6241.397,68448.24,63168.336
USA,1995,266.278393,30.956,23.708,39.055,0.521,187314.35,5486.873,59167.584,59401.642
USA,1996,269.394284,31.05,22.144,39.808,0.496,234523.96,5417.419,64774.08,61981.719
USA,1997,272.646925,30.316,21.903,40.049,0.488,233871.13,5777.317,73178.381,67536.504
USA,1998,275.854104,30.658,23.541,40.355,0.522,247887.96,5821.515,74599.056,69324.595
USA,1999,279.040168,30.972,24.075,42.8,0.513,239558.64,6503.428,72250.315,62460.72
USA,2000,282.162411,31.067,23.414,43.227,0.502,251863.37,6023.563,75061.728,60642.691
USA,2001,284.968955,30.378,22.988,43.229,0.516,241395.21,6797.029,78681.456,53000.439
USA,2002,287.625193,31.038,23.581,45.262,0.529,228821.22,6661.278,75007.296,44062.704
USA,2003,290.107933,29.803,23.726,45.632,0.506,256915.83,6312.114,66788.064,63821.52
USA,2004,292.805298,30.33,23.522,46.611,0.509,299921.41,7336.877,85022.784,58732.128
USA,2005,295.516599,30.049,22.925,47.288,0.481,282267.02,7049.59,83362.608,57289.68
USA,2006,298.379912,30.171,22.636,47.528,0.477,267610.07,6143.53,87009.552,49315.392
USA,2007,301.231207,29.903,23.265,46.769,0.511,332105.75,6263.496,72857.232,56255.472
USA,2008,304.093966,28.71,22.654,46.611,0.451,307389.6,6430.817,80749.872,68012.784
USA,2009,306.771529,28.037,22.914,44.523,0.441,332562.98,6942.251,91418.544,60365.088
USA,2010,309.326085,27.257,21.851,45.536,0.409,316178.69,7674.676,90602.064,60065.712
USA,2011,311.580009,26.262,20.86,46.52,0.378,313968.72,5837.3,84206.304,54404.784
USA,2012,313.874218,26.083,20.885,44.522,0.381,273198.51,6298.223,82791.072,61290.432
USA,2013,316.057727,25.595,21.408,44.33,0.408,351284.26,5998.307,91391.328,58106.16
USA,2014,318.386421,24.627,21.172,45.05,0.437,361114.83,7014.863,106877.23,55139.616
USA,2015,320.742673,24.599,22.706,47.783,0.454,345518,6096.174,106850.02,56119.392
USA,2016,323.071342,25.308,22.883,48.421,0.452,384789.5,7074.846,116919.94,62841.744
USA,2017,325.147121,25.939,22.893,48.901,0.48,370970.81,5625.781,120049.78,47355.84
USA,2018,327.167434,26.057,23.246,49.439,0.509,364264.68,7065.375,120512.45,51302.16
VNM,1990,67.989,1.686,8.147,2.188,0.036,671,12823.07,0,0
VNM,1991,69.437,1.661,7.731,2.08,0.03,672,13087.87,80,0
VNM,1992,70.883,1.702,8.857,2.172,0.029,748,14400.53,80,0
VNM,1993,72.3,1.648,9.226,2.038,0.032,882,15232.27,105.7,0
VNM,1994,73.651,1.664,9.972,2.024,0.038,1144,15693.17,124.5,0
VNM,1995,74.91,1.675,10.38,2.051,0.049,1177,16650.98,125.5,0
VNM,1996,76.069,1.61,10.698,2.265,0.054,1537,17606.79,113.8,0
VNM,1997,77.133,1.485,10.972,3.238,0.053,1651,18358.5,113,0
VNM,1998,78.116,1.457,11.547,3.362,0.053,1612,19440.38,146.7,0
VNM,1999,79.036,1.577,12.271,3.607,0.052,1753,20939.79,147.2,0
VNM,2000,79.91,1.622,13.646,4.005,0.053,2006,21144.5,149.3,0
VNM,2001,80.743,1.678,14.302,4.18,0.053,2162,20870.46,176.3,0
VNM,2002,81.534,1.711,15.608,4.62,0.058,2511,22390.68,201.4,0
VNM,2003,82.302,1.736,16.836,4.855,0.065,3136,22469.72,201,0
VNM,2004,83.063,1.878,21.186,4.504,0.083,3430.9,23497.5,201,0
VNM,2005,83.833,2.199,21.07,4.184,0.097,3787.1,23291.385,293,0
VNM,2006,84.618,2.506,23.812,4.895,0.11,3854.5,23302.175,258,0
VNM,2007,85.42,3.316,23.294,6.288,0.119,4303.2,23362.95,275,0
VNM,2008,86.243,4.199,25.071,7.936,0.099,4573.1,25174.5,268,0
VNM,2009,87.092,4.966,27.278,9.017,0.096,4371.7,25317.5,215,0
VNM,2010,87.968,4.643,26.871,10.864,0.092,4606.8,26003.64,299,0
VNM,2011,88.871,6.394,27.192,15.451,0.087,4835.717,27559.025,267,0
VNM,2012,89.802,6.545,27.708,12.231,0.079,4973.482,28429.57,174,0
VNM,2013,90.753,8.328,28.666,11.999,0.089,5190.895,28625.35,168,0
VNM,2014,91.714,10.075,29.652,12.852,0.108,5202.511,29233.49,158,0
VNM,2015,92.677,9.75,29.843,15.062,0.125,5287.261,29309.15,146,0
VNM,2016,93.64,9.63,30.27,13.502,0.123,5247,28057.25,148,0
VNM,2017,94.601,10.584,30.508,11.894,0.159,5132,27795.95,102,0
VNM,2018,95.546,8.935,31.399,15.361,0.164,4906,28586.48,81,0
WLD,1990,5330.94346,6.564,9.687,5.956,1.346,470109.75,348786.14,88720.708,539753.31
WLD,1991,5418.758803,6.664,9.919,6.781,1.554,482792.91,347952.12,111630.26,559941.49
WLD,1992,5504.401149,6.936,9.888,7.172,1.559,539402.64,354236.45,120440.53,570783.24
WLD,1993,5588.094837,6.796,10.43,7.399,1.566,480059.97,355832.08,119557.78,576845.51
WLD,1994,5670.319703,6.853,10.7,7.845,1.583,569054.42,361805.92,135464.95,540506.38
WLD,1995,5751.474416,6.844,10.637,8.356,1.594,522073.29,369245.51,124676.03,560722.2
WLD,1996,5831.56502,6.793,10.478,8.475,1.52,593031.41,384049.85,132252.89,601243.25
WLD,1997,5910.566295,6.817,10.887,8.775,1.554,582684.09,387856.3,155886.08,628475.97
WLD,1998,5988.846103,6.734,11.402,9.069,1.584,610563,390372.04,159274.01,610675.87
WLD,1999,6066.867391,6.744,11.253,9.434,1.589,613733.33,409876.58,157120.56,603435.97
WLD,2000,6145.006989,6.731,11.384,9.75,1.64,593310.21,399995.75,174194.04,587242.71
WLD,2001,6223.412158,6.516,11.445,9.986,1.611,609191.57,400658.83,183631.51,587692.59
WLD,2002,6302.149639,6.677,11.59,10.341,1.607,617556.66,380147.31,196597.91,576058.75
WLD,2003,6381.408987,6.691,11.619,10.448,1.624,639788.95,391612.91,184396.63,560027.95
WLD,2004,6461.370865,6.687,11.587,10.643,1.666,727885.26,404465.55,215289.55,629733.95
WLD,2005,6542.159383,6.724,11.722,10.904,1.697,713271.13,423402.73,219929.21,623483.86
WLD,2006,6623.847913,6.861,11.893,11.134,1.697,724559.9,425408.86,237538.78,603842.13
WLD,2007,6706.418593,6.941,11.627,11.624,1.737,812071.68,435945.45,221448.64,613568.61
WLD,2008,6789.771253,6.77,11.935,12.064,1.698,822733.34,458301.62,220782.92,680844.55
WLD,2009,6873.741054,6.635,12.116,12.163,1.686,851363.38,454707.02,261933.71,686905.53
WLD,2010,6958.169159,6.574,12.247,12.734,1.674,867055.67,468940.48,268872.54,653063.95
WLD,2011,7043.008586,6.449,12.197,13.087,1.664,926072.88,485318.28,250656.11,699081.14
WLD,2012,7128.176935,6.433,12.439,13.299,1.649,919288.74,491135.42,271323.35,660614.8
WLD,2013,7213.426452,6.472,12.577,13.344,1.675,1054087,497212.18,286831.03,715577.13
WLD,2014,7298.453033,6.362,12.723,13.527,1.698,1074827.9,497304.95,322434.15,734418.29
WLD,2015,7383.00882,6.308,12.632,13.876,1.737,1034828.7,495534.99,318407.25,738374.26
WLD,2016,7466.96428,6.357,12.435,14.101,1.734,1155732.4,505543.36,351147.28,758999.25
WLD,2017,7550.262101,6.375,12.394,14.13,1.743,1108076.2,509896.45,341570.96,761247.63
WLD,2018,7632.819325,6.401,12.327,14.334,1.745,1138337.1,517605.81,359209.9,731220.12
ZAF,1990,37.560525,13.4,2.703,13.028,3.947,8614,2,0,1709
ZAF,1991,38.437855,13.495,2.302,12.027,3.87,3277,2,68,2142
ZAF,1992,39.360225,12.769,2.561,11.969,3.991,9997,2,68.631,1324
ZAF,1993,40.300161,11.516,2.364,11.937,3.6,13275,2,67.735,1984
ZAF,1994,41.218901,9.969,2.318,13.427,4.193,4866,2,58.532,1840
ZAF,1995,42.088165,9.829,2.568,14.833,3.257,10171,2,80,1977
ZAF,1996,42.89852,9.35,2.455,14.57,3.37,10136,2,120,2712
ZAF,1997,43.657024,8.979,2.322,15.739,3.288,7693,2,201,2429
ZAF,1998,44.372112,8.834,2.188,14.379,3.196,7966,2,201,1892
ZAF,1999,45.058775,10.424,2.301,15.625,3.638,11431,2,175,1725
ZAF,2000,45.728315,9.468,2.091,17.213,3.157,7772,2.001,149,2428
ZAF,2001,46.385006,9.119,2.097,18.084,2.783,10076,2.001,210,2504
ZAF,2002,45.76571,9.108,2.063,18.777,2.723,9705,2.001,202,2438
ZAF,2003,46.243716,9.386,2.802,19.328,2.656,9710,2.001,137,1547
ZAF,2004,46.741256,10.034,3.005,19.779,3.045,11716,2.001,220,1680
ZAF,2005,47.268914,10.971,2.809,20.962,3.009,6935,2.001,273,1905
ZAF,2006,47.839908,12.046,3.279,22.503,3.185,7339,2.001,424,2105
ZAF,2007,48.476016,11.89,3.361,24.691,3.671,13164,2.001,205,1905
ZAF,2008,49.17655,11.099,3.062,27.014,3.466,12567,2.001,282,2172
ZAF,2009,49.928233,11.095,3.299,27.605,3.199,13421,2.001,516,1967
ZAF,2010,50.724112,12.103,3.519,28.506,2.986,10924,2.001,566,1436
ZAF,2011,51.550684,11.719,3.58,29.843,2.752,12759,2.001,710,2013
ZAF,2012,52.409724,11.635,3.654,30.377,2.855,12486,2.001,650,1879
ZAF,2013,53.282289,12.372,3.513,32.894,3.154,14925,2.001,785,1879
ZAF,2014,54.166787,12.585,3.365,34.106,3.273,10629,2.001,948,1759
ZAF,2015,55.055626,13.099,3.523,33.924,2.999,8214.5,2.001,1070,1449
ZAF,2016,55.946872,13.132,3.454,33.95,2.957,17551,2.001,742,1910
ZAF,2017,56.837474,12.067,3.388,33.371,2.68,13104,2.001,1316,1535
ZAF,2018,57.725606,11.751,3.698,34.751,2.631,11630.16,2.001,1540,1868
